timestamp	source	intent	actions_done	output_paths	next_step
2026-05-25T16:20:00+03:00	codex	Learn and install Project OS brain/personality	Inspected zip; copied NEW_PROJECT_ROOT into project; installed project-* skills globally under ~/.codex/skills; customized AGENTS/current state/task board	AGENTS.md; .agents/skills; .claude/agents; 00_project_management; /Users/alonbendavid/.codex/skills	Run lint/build and use Project OS rules on future meaningful work
2026-05-25T16:25:00+03:00	codex	Validate Project OS install and app state	Ran npm lint/build; fixed one unused icon import; verified 10 local and 10 global project skills	AGENTS.md; src/App.jsx; 00_project_management/task_board.md	Review local page in browser and replace contact placeholders before deploy
2026-05-25T16:30:00+03:00	codex	Smoke test local dev server	Started Vite on localhost:5173; verified index HTML, main JSX, and hero PNG return 200	http://localhost:5173/	Visual browser QA still pending because browser automation tool was unavailable in this session
2026-05-25T16:45:00+03:00	codex	Analyze project and assign managers	Used local Project OS skills; researched digital card and QR best practices; created manager assignment and UI reference docs	00_project_management/company_structure/project_manager_assignments.md; design/UI_REFERENCE.md; research/RESEARCH_LOG.tsv	Finish the card-matched website restyle under the assigned manager gates
2026-05-25T16:50:00+03:00	codex	Resolve contact-source contradiction	Updated README/current state/task board to reflect phone and email from supplied business card, with final confirmation still required	README.md; 00_project_management/current_project_state.json; 00_project_management/task_board.md	Finish card-matched visual restyle
2026-05-25T17:30:00+03:00	codex	Separate Hippie Films from Dogo as project boundary	Recorded explicit owner instruction that Hippie Films and Dogo are unrelated projects; added hard stop against touching Dogo from this project	AGENTS.md; 00_project_management/current_project_state.json; 00_project_management/task_board.md; 00_project_management/project_brain_readme.txt	Continue only in Hippie Films repo and enable GitHub Pages before final QR generation
2026-05-25T17:35:00+03:00	codex	Check GitHub Pages deployment status	Verified repo is pushed and workflow exists; latest GitHub Actions build succeeds but deploy fails because GitHub Pages is not enabled; public Pages URL returns 404	GitHub Actions run 26405709454; https://albenda.github.io/Hippie-Films/	Enable Pages with Source: GitHub Actions, then rerun deploy and generate permanent QR only after live URL returns 200
2026-05-25T17:50:00+03:00	codex	Deploy live site and generate permanent QR	After owner enabled GitHub Pages, pushed an empty trigger commit; workflow completed successfully; live URL and assets returned 200; generated PNG/SVG permanent QR and decoded PNG to verify target URL	https://albenda.github.io/Hippie-Films/; exports/qr/Hippie-Films-PERMANENT-PRINT-QR.png; exports/qr/Hippie-Films-PERMANENT-PRINT-QR.svg	Continue visual polish and physical card layout review
2026-05-25T18:05:00+03:00	codex	Document collaborator editing path	Added a concise guide so Tal can edit copy, links, layout, images, and understand the QR/live deployment relationship	EDITING_GUIDE_FOR_TAL.md; README.md	Owner should invite Tal as a repository collaborator in GitHub settings
2026-05-26T02:45:00+03:00	codex	Refine starfield and lens reflection	Reduced oversized starbursts, doubled the small glints, added circular twinkles, softened stream stretching, and added a subtle moon reflection inside the camera lens	src/App.jsx; src/styles.css; tmp/qa/stars-mobile-top-v2.png; tmp/qa/stars-mobile-mid-v2.png; tmp/qa/stars-mobile-lens-v2.png	Run final release gate, commit, push, and verify GitHub Pages deploy
2026-05-26T03:05:00+03:00	codex	Strengthen star sparkle flashes	Slightly enlarged star glints, increased glow strength, added short circular flash bursts, and verified mobile screenshots did not obscure key text	src/App.jsx; src/styles.css; tmp/qa/sparkle-mobile-top.png; tmp/qa/sparkle-mobile-top-flash.png; tmp/qa/sparkle-mobile-mid.png	Commit, push, and verify live GitHub Pages update
2026-05-26T03:20:00+03:00	codex	Clarify moon reflection in lens	Added the real moon asset as a masked, glass-like reflection above the lens core and increased reflection opacity/scale for clearer recognition	src/App.jsx; src/styles.css; tmp/qa/moon-reflection-lens-v2-mobile.png; tmp/qa/moon-reflection-v2-before-end.png	Commit, push, and verify live GitHub Pages update
